,Event Index,Participant Public ID,Task Version,branch-hzku,Question Key,Response
0,1,5cc72cceccedf40017cad7f0,1.0,eligible,BEGIN QUESTIONNAIRE,
1,2,5cc72cceccedf40017cad7f0,1.0,eligible,response-1,18
2,3,5cc72cceccedf40017cad7f0,1.0,eligible,sex,Male
3,4,5cc72cceccedf40017cad7f0,1.0,eligible,sex-quantised,1
4,5,5cc72cceccedf40017cad7f0,1.0,eligible,pswq1,2
5,6,5cc72cceccedf40017cad7f0,1.0,eligible,sex-text,
6,7,5cc72cceccedf40017cad7f0,1.0,eligible,pswq1-quantised,2
7,8,5cc72cceccedf40017cad7f0,1.0,eligible,pswq2,5
8,9,5cc72cceccedf40017cad7f0,1.0,eligible,pswq3,1
9,10,5cc72cceccedf40017cad7f0,1.0,eligible,pswq2-quantised,5
10,11,5cc72cceccedf40017cad7f0,1.0,eligible,pswq4,4
11,12,5cc72cceccedf40017cad7f0,1.0,eligible,pswq3-quantised,1
12,13,5cc72cceccedf40017cad7f0,1.0,eligible,pswq4-quantised,4
13,14,5cc72cceccedf40017cad7f0,1.0,eligible,pswq5,5
14,15,5cc72cceccedf40017cad7f0,1.0,eligible,pswq5-quantised,5
15,16,5cc72cceccedf40017cad7f0,1.0,eligible,pswq6,4
16,17,5cc72cceccedf40017cad7f0,1.0,eligible,pswq6-quantised,4
17,18,5cc72cceccedf40017cad7f0,1.0,eligible,pswq7,3
18,19,5cc72cceccedf40017cad7f0,1.0,eligible,pswq7-quantised,3
19,20,5cc72cceccedf40017cad7f0,1.0,eligible,pswq8,2
20,21,5cc72cceccedf40017cad7f0,1.0,eligible,pswq8-quantised,2
21,22,5cc72cceccedf40017cad7f0,1.0,eligible,pswq9,4
22,23,5cc72cceccedf40017cad7f0,1.0,eligible,pswq10,1
23,24,5cc72cceccedf40017cad7f0,1.0,eligible,pswq10-quantised,1
24,25,5cc72cceccedf40017cad7f0,1.0,eligible,pswq11,2
25,26,5cc72cceccedf40017cad7f0,1.0,eligible,pswq9-quantised,4
26,27,5cc72cceccedf40017cad7f0,1.0,eligible,pswq11-quantised,2
27,28,5cc72cceccedf40017cad7f0,1.0,eligible,pswq12,5
28,29,5cc72cceccedf40017cad7f0,1.0,eligible,pswq12-quantised,5
29,30,5cc72cceccedf40017cad7f0,1.0,eligible,pswq13,5
30,31,5cc72cceccedf40017cad7f0,1.0,eligible,pswq13-quantised,5
31,32,5cc72cceccedf40017cad7f0,1.0,eligible,pswq14,2
32,33,5cc72cceccedf40017cad7f0,1.0,eligible,pswq14-quantised,2
33,34,5cc72cceccedf40017cad7f0,1.0,eligible,pswq15,3
34,35,5cc72cceccedf40017cad7f0,1.0,eligible,pswq15-quantised,3
35,36,5cc72cceccedf40017cad7f0,1.0,eligible,pswq16,5
36,37,5cc72cceccedf40017cad7f0,1.0,eligible,response-3-quantised,5
37,38,5cc72cceccedf40017cad7f0,1.0,eligible,END QUESTIONNAIRE,138442
38,1,5d3f3ad1afe77e0001c43c55,1.0,eligible,BEGIN QUESTIONNAIRE,
39,2,5d3f3ad1afe77e0001c43c55,1.0,eligible,response-1,18
40,3,5d3f3ad1afe77e0001c43c55,1.0,eligible,sex,Female
41,4,5d3f3ad1afe77e0001c43c55,1.0,eligible,sex-quantised,2
42,5,5d3f3ad1afe77e0001c43c55,1.0,eligible,sex-text,
43,6,5d3f3ad1afe77e0001c43c55,1.0,eligible,pswq1,4
44,7,5d3f3ad1afe77e0001c43c55,1.0,eligible,pswq1-quantised,4
45,8,5d3f3ad1afe77e0001c43c55,1.0,eligible,pswq2,2
46,9,5d3f3ad1afe77e0001c43c55,1.0,eligible,pswq2-quantised,2
47,10,5d3f3ad1afe77e0001c43c55,1.0,eligible,pswq3-quantised,4
48,11,5d3f3ad1afe77e0001c43c55,1.0,eligible,pswq3,4
49,12,5d3f3ad1afe77e0001c43c55,1.0,eligible,pswq4-quantised,1
50,13,5d3f3ad1afe77e0001c43c55,1.0,eligible,pswq4,1
51,14,5d3f3ad1afe77e0001c43c55,1.0,eligible,pswq5,1
52,15,5d3f3ad1afe77e0001c43c55,1.0,eligible,pswq5-quantised,1
53,16,5d3f3ad1afe77e0001c43c55,1.0,eligible,pswq6,3
54,17,5d3f3ad1afe77e0001c43c55,1.0,eligible,pswq6-quantised,3
55,18,5d3f3ad1afe77e0001c43c55,1.0,eligible,pswq7,2
56,19,5d3f3ad1afe77e0001c43c55,1.0,eligible,pswq7-quantised,2
57,20,5d3f3ad1afe77e0001c43c55,1.0,eligible,pswq8,4
58,21,5d3f3ad1afe77e0001c43c55,1.0,eligible,pswq8-quantised,4
59,22,5d3f3ad1afe77e0001c43c55,1.0,eligible,pswq9,2
60,23,5d3f3ad1afe77e0001c43c55,1.0,eligible,pswq10,4
61,24,5d3f3ad1afe77e0001c43c55,1.0,eligible,pswq9-quantised,2
62,25,5d3f3ad1afe77e0001c43c55,1.0,eligible,pswq10-quantised,4
63,26,5d3f3ad1afe77e0001c43c55,1.0,eligible,pswq11,5
64,27,5d3f3ad1afe77e0001c43c55,1.0,eligible,pswq11-quantised,5
65,28,5d3f3ad1afe77e0001c43c55,1.0,eligible,pswq12,2
66,29,5d3f3ad1afe77e0001c43c55,1.0,eligible,pswq12-quantised,2
67,30,5d3f3ad1afe77e0001c43c55,1.0,eligible,pswq13,1
68,31,5d3f3ad1afe77e0001c43c55,1.0,eligible,pswq13-quantised,1
69,32,5d3f3ad1afe77e0001c43c55,1.0,eligible,pswq14,2
70,33,5d3f3ad1afe77e0001c43c55,1.0,eligible,pswq14-quantised,2
71,34,5d3f3ad1afe77e0001c43c55,1.0,eligible,pswq15,2
72,35,5d3f3ad1afe77e0001c43c55,1.0,eligible,pswq15-quantised,2
73,36,5d3f3ad1afe77e0001c43c55,1.0,eligible,pswq16,1
74,37,5d3f3ad1afe77e0001c43c55,1.0,eligible,response-3-quantised,1
75,38,5d3f3ad1afe77e0001c43c55,1.0,eligible,END QUESTIONNAIRE,62980
76,1,5ceb9f99b5a9d90019c08b1c,1.0,eligible,BEGIN QUESTIONNAIRE,
77,2,5ceb9f99b5a9d90019c08b1c,1.0,eligible,response-1,18
78,3,5ceb9f99b5a9d90019c08b1c,1.0,eligible,sex-quantised,1
79,4,5ceb9f99b5a9d90019c08b1c,1.0,eligible,pswq1,1
80,5,5ceb9f99b5a9d90019c08b1c,1.0,eligible,pswq1-quantised,1
81,6,5ceb9f99b5a9d90019c08b1c,1.0,eligible,pswq2,1
82,7,5ceb9f99b5a9d90019c08b1c,1.0,eligible,sex,Male
83,8,5ceb9f99b5a9d90019c08b1c,1.0,eligible,sex-text,
84,9,5ceb9f99b5a9d90019c08b1c,1.0,eligible,pswq3,1
85,10,5ceb9f99b5a9d90019c08b1c,1.0,eligible,pswq3-quantised,1
86,11,5ceb9f99b5a9d90019c08b1c,1.0,eligible,pswq2-quantised,1
87,12,5ceb9f99b5a9d90019c08b1c,1.0,eligible,pswq4-quantised,3
88,13,5ceb9f99b5a9d90019c08b1c,1.0,eligible,pswq5,2
89,14,5ceb9f99b5a9d90019c08b1c,1.0,eligible,pswq5-quantised,2
90,15,5ceb9f99b5a9d90019c08b1c,1.0,eligible,pswq6,4
91,16,5ceb9f99b5a9d90019c08b1c,1.0,eligible,pswq6-quantised,4
92,17,5ceb9f99b5a9d90019c08b1c,1.0,eligible,pswq4,3
93,18,5ceb9f99b5a9d90019c08b1c,1.0,eligible,pswq7,1
94,19,5ceb9f99b5a9d90019c08b1c,1.0,eligible,pswq7-quantised,1
95,20,5ceb9f99b5a9d90019c08b1c,1.0,eligible,pswq8,2
96,21,5ceb9f99b5a9d90019c08b1c,1.0,eligible,pswq8-quantised,2
97,22,5ceb9f99b5a9d90019c08b1c,1.0,eligible,pswq9,3
98,23,5ceb9f99b5a9d90019c08b1c,1.0,eligible,pswq9-quantised,3
99,24,5ceb9f99b5a9d90019c08b1c,1.0,eligible,pswq10,1
100,25,5ceb9f99b5a9d90019c08b1c,1.0,eligible,pswq10-quantised,1
101,26,5ceb9f99b5a9d90019c08b1c,1.0,eligible,pswq11,1
102,27,5ceb9f99b5a9d90019c08b1c,1.0,eligible,pswq11-quantised,1
103,28,5ceb9f99b5a9d90019c08b1c,1.0,eligible,pswq14-quantised,2
104,29,5ceb9f99b5a9d90019c08b1c,1.0,eligible,pswq12,2
105,30,5ceb9f99b5a9d90019c08b1c,1.0,eligible,pswq13,3
106,31,5ceb9f99b5a9d90019c08b1c,1.0,eligible,pswq13-quantised,3
107,32,5ceb9f99b5a9d90019c08b1c,1.0,eligible,pswq14,2
108,33,5ceb9f99b5a9d90019c08b1c,1.0,eligible,pswq12-quantised,2
109,34,5ceb9f99b5a9d90019c08b1c,1.0,eligible,pswq15,3
110,35,5ceb9f99b5a9d90019c08b1c,1.0,eligible,pswq15-quantised,3
111,36,5ceb9f99b5a9d90019c08b1c,1.0,eligible,pswq16,4
112,37,5ceb9f99b5a9d90019c08b1c,1.0,eligible,response-3-quantised,4
113,38,5ceb9f99b5a9d90019c08b1c,1.0,eligible,END QUESTIONNAIRE,31336
114,1,5b729e1cd1ce720001937cd8,1.0,eligible,BEGIN QUESTIONNAIRE,
115,2,5b729e1cd1ce720001937cd8,1.0,eligible,response-1,18
116,3,5b729e1cd1ce720001937cd8,1.0,eligible,sex-quantised,2
117,4,5b729e1cd1ce720001937cd8,1.0,eligible,sex-text,
118,5,5b729e1cd1ce720001937cd8,1.0,eligible,pswq1,2
119,6,5b729e1cd1ce720001937cd8,1.0,eligible,pswq1-quantised,2
120,7,5b729e1cd1ce720001937cd8,1.0,eligible,sex,Female
121,8,5b729e1cd1ce720001937cd8,1.0,eligible,pswq2-quantised,4
122,9,5b729e1cd1ce720001937cd8,1.0,eligible,pswq3,1
123,10,5b729e1cd1ce720001937cd8,1.0,eligible,pswq2,4
124,11,5b729e1cd1ce720001937cd8,1.0,eligible,pswq3-quantised,1
125,12,5b729e1cd1ce720001937cd8,1.0,eligible,pswq4,4
126,13,5b729e1cd1ce720001937cd8,1.0,eligible,pswq4-quantised,4
127,14,5b729e1cd1ce720001937cd8,1.0,eligible,pswq5,3
128,15,5b729e1cd1ce720001937cd8,1.0,eligible,pswq5-quantised,3
129,16,5b729e1cd1ce720001937cd8,1.0,eligible,pswq6,1
130,17,5b729e1cd1ce720001937cd8,1.0,eligible,pswq6-quantised,1
131,18,5b729e1cd1ce720001937cd8,1.0,eligible,pswq7,4
132,19,5b729e1cd1ce720001937cd8,1.0,eligible,pswq7-quantised,4
133,20,5b729e1cd1ce720001937cd8,1.0,eligible,pswq8,2
134,21,5b729e1cd1ce720001937cd8,1.0,eligible,pswq13,4
135,22,5b729e1cd1ce720001937cd8,1.0,eligible,pswq8-quantised,2
136,23,5b729e1cd1ce720001937cd8,1.0,eligible,pswq9-quantised,3
137,24,5b729e1cd1ce720001937cd8,1.0,eligible,pswq10,1
138,25,5b729e1cd1ce720001937cd8,1.0,eligible,pswq10-quantised,1
139,26,5b729e1cd1ce720001937cd8,1.0,eligible,pswq11,2
140,27,5b729e1cd1ce720001937cd8,1.0,eligible,pswq11-quantised,2
141,28,5b729e1cd1ce720001937cd8,1.0,eligible,pswq12,1
142,29,5b729e1cd1ce720001937cd8,1.0,eligible,pswq12-quantised,1
143,30,5b729e1cd1ce720001937cd8,1.0,eligible,pswq9,3
144,31,5b729e1cd1ce720001937cd8,1.0,eligible,pswq13-quantised,4
145,32,5b729e1cd1ce720001937cd8,1.0,eligible,pswq14,3
146,33,5b729e1cd1ce720001937cd8,1.0,eligible,pswq14-quantised,3
147,34,5b729e1cd1ce720001937cd8,1.0,eligible,pswq15,2
148,35,5b729e1cd1ce720001937cd8,1.0,eligible,pswq15-quantised,2
149,36,5b729e1cd1ce720001937cd8,1.0,eligible,pswq16,3
150,37,5b729e1cd1ce720001937cd8,1.0,eligible,response-3-quantised,3
151,38,5b729e1cd1ce720001937cd8,1.0,eligible,END QUESTIONNAIRE,168363
152,1,5c11bb0fe6eb4e0001b2d4bd,1.0,eligible,BEGIN QUESTIONNAIRE,
153,2,5c11bb0fe6eb4e0001b2d4bd,1.0,eligible,response-1,18
154,3,5c11bb0fe6eb4e0001b2d4bd,1.0,eligible,sex,Male
155,4,5c11bb0fe6eb4e0001b2d4bd,1.0,eligible,sex-quantised,1
156,5,5c11bb0fe6eb4e0001b2d4bd,1.0,eligible,sex-text,
157,6,5c11bb0fe6eb4e0001b2d4bd,1.0,eligible,pswq1,2
158,7,5c11bb0fe6eb4e0001b2d4bd,1.0,eligible,pswq1-quantised,2
159,8,5c11bb0fe6eb4e0001b2d4bd,1.0,eligible,pswq2,4
160,9,5c11bb0fe6eb4e0001b2d4bd,1.0,eligible,pswq2-quantised,4
161,10,5c11bb0fe6eb4e0001b2d4bd,1.0,eligible,pswq3,1
162,11,5c11bb0fe6eb4e0001b2d4bd,1.0,eligible,pswq4,5
163,12,5c11bb0fe6eb4e0001b2d4bd,1.0,eligible,pswq3-quantised,1
164,13,5c11bb0fe6eb4e0001b2d4bd,1.0,eligible,pswq4-quantised,5
165,14,5c11bb0fe6eb4e0001b2d4bd,1.0,eligible,pswq5,4
166,15,5c11bb0fe6eb4e0001b2d4bd,1.0,eligible,pswq5-quantised,4
167,16,5c11bb0fe6eb4e0001b2d4bd,1.0,eligible,pswq6,5
168,17,5c11bb0fe6eb4e0001b2d4bd,1.0,eligible,pswq6-quantised,5
169,18,5c11bb0fe6eb4e0001b2d4bd,1.0,eligible,pswq7,5
170,19,5c11bb0fe6eb4e0001b2d4bd,1.0,eligible,pswq7-quantised,5
171,20,5c11bb0fe6eb4e0001b2d4bd,1.0,eligible,pswq8,1
172,21,5c11bb0fe6eb4e0001b2d4bd,1.0,eligible,pswq8-quantised,1
173,22,5c11bb0fe6eb4e0001b2d4bd,1.0,eligible,pswq9,4
174,23,5c11bb0fe6eb4e0001b2d4bd,1.0,eligible,pswq9-quantised,4
175,24,5c11bb0fe6eb4e0001b2d4bd,1.0,eligible,pswq10,4
176,25,5c11bb0fe6eb4e0001b2d4bd,1.0,eligible,pswq10-quantised,4
177,26,5c11bb0fe6eb4e0001b2d4bd,1.0,eligible,pswq11,1
178,27,5c11bb0fe6eb4e0001b2d4bd,1.0,eligible,pswq11-quantised,1
179,28,5c11bb0fe6eb4e0001b2d4bd,1.0,eligible,pswq12,4
180,29,5c11bb0fe6eb4e0001b2d4bd,1.0,eligible,pswq12-quantised,4
181,30,5c11bb0fe6eb4e0001b2d4bd,1.0,eligible,pswq13,5
182,31,5c11bb0fe6eb4e0001b2d4bd,1.0,eligible,pswq13-quantised,5
183,32,5c11bb0fe6eb4e0001b2d4bd,1.0,eligible,pswq14,5
184,33,5c11bb0fe6eb4e0001b2d4bd,1.0,eligible,pswq14-quantised,5
185,34,5c11bb0fe6eb4e0001b2d4bd,1.0,eligible,pswq15,3
186,35,5c11bb0fe6eb4e0001b2d4bd,1.0,eligible,pswq15-quantised,3
187,36,5c11bb0fe6eb4e0001b2d4bd,1.0,eligible,pswq16,5
188,37,5c11bb0fe6eb4e0001b2d4bd,1.0,eligible,response-3-quantised,5
189,38,5c11bb0fe6eb4e0001b2d4bd,1.0,eligible,END QUESTIONNAIRE,98327
190,1,5d5575339025920017fd271f,1.0,eligible,BEGIN QUESTIONNAIRE,
191,2,5d5575339025920017fd271f,1.0,eligible,response-1,18
192,3,5d5575339025920017fd271f,1.0,eligible,sex-quantised,1
193,4,5d5575339025920017fd271f,1.0,eligible,sex,Male
194,5,5d5575339025920017fd271f,1.0,eligible,sex-text,
195,6,5d5575339025920017fd271f,1.0,eligible,pswq1-quantised,2
196,7,5d5575339025920017fd271f,1.0,eligible,pswq2,5
197,8,5d5575339025920017fd271f,1.0,eligible,pswq2-quantised,5
198,9,5d5575339025920017fd271f,1.0,eligible,pswq1,2
199,10,5d5575339025920017fd271f,1.0,eligible,pswq3-quantised,1
200,11,5d5575339025920017fd271f,1.0,eligible,pswq4,4
201,12,5d5575339025920017fd271f,1.0,eligible,pswq4-quantised,4
202,13,5d5575339025920017fd271f,1.0,eligible,pswq5,4
203,14,5d5575339025920017fd271f,1.0,eligible,pswq5-quantised,4
204,15,5d5575339025920017fd271f,1.0,eligible,pswq3,1
205,16,5d5575339025920017fd271f,1.0,eligible,pswq6,5
206,17,5d5575339025920017fd271f,1.0,eligible,pswq6-quantised,5
207,18,5d5575339025920017fd271f,1.0,eligible,pswq7,5
208,19,5d5575339025920017fd271f,1.0,eligible,pswq7-quantised,5
209,20,5d5575339025920017fd271f,1.0,eligible,pswq8,1
210,21,5d5575339025920017fd271f,1.0,eligible,pswq8-quantised,1
211,22,5d5575339025920017fd271f,1.0,eligible,pswq9,4
212,23,5d5575339025920017fd271f,1.0,eligible,pswq9-quantised,4
213,24,5d5575339025920017fd271f,1.0,eligible,pswq10,1
214,25,5d5575339025920017fd271f,1.0,eligible,pswq10-quantised,1
215,26,5d5575339025920017fd271f,1.0,eligible,pswq11-quantised,2
216,27,5d5575339025920017fd271f,1.0,eligible,pswq12,4
217,28,5d5575339025920017fd271f,1.0,eligible,pswq12-quantised,4
218,29,5d5575339025920017fd271f,1.0,eligible,pswq13,5
219,30,5d5575339025920017fd271f,1.0,eligible,pswq11,2
220,31,5d5575339025920017fd271f,1.0,eligible,pswq13-quantised,5
221,32,5d5575339025920017fd271f,1.0,eligible,pswq14,3
222,33,5d5575339025920017fd271f,1.0,eligible,pswq14-quantised,3
223,34,5d5575339025920017fd271f,1.0,eligible,pswq15,4
224,35,5d5575339025920017fd271f,1.0,eligible,pswq15-quantised,4
225,36,5d5575339025920017fd271f,1.0,eligible,pswq16,5
226,37,5d5575339025920017fd271f,1.0,eligible,response-3-quantised,5
227,38,5d5575339025920017fd271f,1.0,eligible,END QUESTIONNAIRE,97066
228,1,5c542a124e2ebe0001458bf9,1.0,eligible,BEGIN QUESTIONNAIRE,
229,2,5c542a124e2ebe0001458bf9,1.0,eligible,response-1,19
230,3,5c542a124e2ebe0001458bf9,1.0,eligible,sex-quantised,1
231,4,5c542a124e2ebe0001458bf9,1.0,eligible,pswq1,2
232,5,5c542a124e2ebe0001458bf9,1.0,eligible,sex,Male
233,6,5c542a124e2ebe0001458bf9,1.0,eligible,sex-text,
234,7,5c542a124e2ebe0001458bf9,1.0,eligible,pswq2,5
235,8,5c542a124e2ebe0001458bf9,1.0,eligible,pswq2-quantised,5
236,9,5c542a124e2ebe0001458bf9,1.0,eligible,pswq1-quantised,2
237,10,5c542a124e2ebe0001458bf9,1.0,eligible,pswq3-quantised,1
238,11,5c542a124e2ebe0001458bf9,1.0,eligible,pswq4,5
239,12,5c542a124e2ebe0001458bf9,1.0,eligible,pswq4-quantised,5
240,13,5c542a124e2ebe0001458bf9,1.0,eligible,pswq5,5
241,14,5c542a124e2ebe0001458bf9,1.0,eligible,pswq3,1
242,15,5c542a124e2ebe0001458bf9,1.0,eligible,pswq5-quantised,5
243,16,5c542a124e2ebe0001458bf9,1.0,eligible,pswq6,4
244,17,5c542a124e2ebe0001458bf9,1.0,eligible,pswq6-quantised,4
245,18,5c542a124e2ebe0001458bf9,1.0,eligible,pswq7,3
246,19,5c542a124e2ebe0001458bf9,1.0,eligible,pswq7-quantised,3
247,20,5c542a124e2ebe0001458bf9,1.0,eligible,pswq8,2
248,21,5c542a124e2ebe0001458bf9,1.0,eligible,pswq8-quantised,2
249,22,5c542a124e2ebe0001458bf9,1.0,eligible,pswq9,4
250,23,5c542a124e2ebe0001458bf9,1.0,eligible,pswq10,1
251,24,5c542a124e2ebe0001458bf9,1.0,eligible,pswq10-quantised,1
252,25,5c542a124e2ebe0001458bf9,1.0,eligible,pswq11,1
253,26,5c542a124e2ebe0001458bf9,1.0,eligible,pswq11-quantised,1
254,27,5c542a124e2ebe0001458bf9,1.0,eligible,pswq12,5
255,28,5c542a124e2ebe0001458bf9,1.0,eligible,pswq12-quantised,5
256,29,5c542a124e2ebe0001458bf9,1.0,eligible,pswq9-quantised,4
257,30,5c542a124e2ebe0001458bf9,1.0,eligible,pswq13,5
258,31,5c542a124e2ebe0001458bf9,1.0,eligible,pswq13-quantised,5
259,32,5c542a124e2ebe0001458bf9,1.0,eligible,pswq14,4
260,33,5c542a124e2ebe0001458bf9,1.0,eligible,pswq14-quantised,4
261,34,5c542a124e2ebe0001458bf9,1.0,eligible,pswq15,3
262,35,5c542a124e2ebe0001458bf9,1.0,eligible,pswq15-quantised,3
263,36,5c542a124e2ebe0001458bf9,1.0,eligible,pswq16,5
264,37,5c542a124e2ebe0001458bf9,1.0,eligible,response-3-quantised,5
265,38,5c542a124e2ebe0001458bf9,1.0,eligible,END QUESTIONNAIRE,73786
266,1,5d23c63ad8324d0001efe974,1.0,eligible,BEGIN QUESTIONNAIRE,
267,2,5d23c63ad8324d0001efe974,1.0,eligible,response-1,21
268,3,5d23c63ad8324d0001efe974,1.0,eligible,sex,Female
269,4,5d23c63ad8324d0001efe974,1.0,eligible,sex-quantised,2
270,5,5d23c63ad8324d0001efe974,1.0,eligible,pswq1,1
271,6,5d23c63ad8324d0001efe974,1.0,eligible,sex-text,
272,7,5d23c63ad8324d0001efe974,1.0,eligible,pswq1-quantised,1
273,8,5d23c63ad8324d0001efe974,1.0,eligible,pswq2,5
274,9,5d23c63ad8324d0001efe974,1.0,eligible,pswq2-quantised,5
275,10,5d23c63ad8324d0001efe974,1.0,eligible,pswq3,3
276,11,5d23c63ad8324d0001efe974,1.0,eligible,pswq3-quantised,3
277,12,5d23c63ad8324d0001efe974,1.0,eligible,pswq4-quantised,1
278,13,5d23c63ad8324d0001efe974,1.0,eligible,pswq4,1
279,14,5d23c63ad8324d0001efe974,1.0,eligible,pswq5,3
280,15,5d23c63ad8324d0001efe974,1.0,eligible,pswq5-quantised,3
281,16,5d23c63ad8324d0001efe974,1.0,eligible,pswq6,5
282,17,5d23c63ad8324d0001efe974,1.0,eligible,pswq6-quantised,5
283,18,5d23c63ad8324d0001efe974,1.0,eligible,pswq7,2
284,19,5d23c63ad8324d0001efe974,1.0,eligible,pswq7-quantised,2
285,20,5d23c63ad8324d0001efe974,1.0,eligible,pswq8,4
286,21,5d23c63ad8324d0001efe974,1.0,eligible,pswq8-quantised,4
287,22,5d23c63ad8324d0001efe974,1.0,eligible,pswq9,1
288,23,5d23c63ad8324d0001efe974,1.0,eligible,pswq9-quantised,1
289,24,5d23c63ad8324d0001efe974,1.0,eligible,pswq10,1
290,25,5d23c63ad8324d0001efe974,1.0,eligible,pswq10-quantised,1
291,26,5d23c63ad8324d0001efe974,1.0,eligible,pswq11,4
292,27,5d23c63ad8324d0001efe974,1.0,eligible,pswq11-quantised,4
293,28,5d23c63ad8324d0001efe974,1.0,eligible,pswq12,2
294,29,5d23c63ad8324d0001efe974,1.0,eligible,pswq12-quantised,2
295,30,5d23c63ad8324d0001efe974,1.0,eligible,pswq13,3
296,31,5d23c63ad8324d0001efe974,1.0,eligible,pswq13-quantised,3
297,32,5d23c63ad8324d0001efe974,1.0,eligible,pswq14,4
298,33,5d23c63ad8324d0001efe974,1.0,eligible,pswq14-quantised,4
299,34,5d23c63ad8324d0001efe974,1.0,eligible,pswq15,1
300,35,5d23c63ad8324d0001efe974,1.0,eligible,pswq15-quantised,1
301,36,5d23c63ad8324d0001efe974,1.0,eligible,pswq16,4
302,37,5d23c63ad8324d0001efe974,1.0,eligible,response-3-quantised,4
303,38,5d23c63ad8324d0001efe974,1.0,eligible,END QUESTIONNAIRE,56285
304,1,5c51a1d81c559f0001e47346,1.0,eligible,BEGIN QUESTIONNAIRE,
305,2,5c51a1d81c559f0001e47346,1.0,eligible,response-1,18
306,3,5c51a1d81c559f0001e47346,1.0,eligible,sex-quantised,1
307,4,5c51a1d81c559f0001e47346,1.0,eligible,pswq1,4
308,5,5c51a1d81c559f0001e47346,1.0,eligible,pswq1-quantised,4
309,6,5c51a1d81c559f0001e47346,1.0,eligible,sex,Male
310,7,5c51a1d81c559f0001e47346,1.0,eligible,sex-text,
311,8,5c51a1d81c559f0001e47346,1.0,eligible,pswq2,2
312,9,5c51a1d81c559f0001e47346,1.0,eligible,pswq2-quantised,2
313,10,5c51a1d81c559f0001e47346,1.0,eligible,pswq3,4
314,11,5c51a1d81c559f0001e47346,1.0,eligible,pswq4,3
315,12,5c51a1d81c559f0001e47346,1.0,eligible,pswq4-quantised,3
316,13,5c51a1d81c559f0001e47346,1.0,eligible,pswq5,2
317,14,5c51a1d81c559f0001e47346,1.0,eligible,pswq5-quantised,2
318,15,5c51a1d81c559f0001e47346,1.0,eligible,pswq6,3
319,16,5c51a1d81c559f0001e47346,1.0,eligible,pswq3-quantised,4
320,17,5c51a1d81c559f0001e47346,1.0,eligible,pswq6-quantised,3
321,18,5c51a1d81c559f0001e47346,1.0,eligible,pswq7,3
322,19,5c51a1d81c559f0001e47346,1.0,eligible,pswq7-quantised,3
323,20,5c51a1d81c559f0001e47346,1.0,eligible,pswq8,3
324,21,5c51a1d81c559f0001e47346,1.0,eligible,pswq8-quantised,3
325,22,5c51a1d81c559f0001e47346,1.0,eligible,pswq9,4
326,23,5c51a1d81c559f0001e47346,1.0,eligible,pswq9-quantised,4
327,24,5c51a1d81c559f0001e47346,1.0,eligible,pswq10,2
328,25,5c51a1d81c559f0001e47346,1.0,eligible,pswq10-quantised,2
329,26,5c51a1d81c559f0001e47346,1.0,eligible,pswq11-quantised,5
330,27,5c51a1d81c559f0001e47346,1.0,eligible,pswq12,3
331,28,5c51a1d81c559f0001e47346,1.0,eligible,pswq12-quantised,3
332,29,5c51a1d81c559f0001e47346,1.0,eligible,pswq13,3
333,30,5c51a1d81c559f0001e47346,1.0,eligible,pswq11,5
334,31,5c51a1d81c559f0001e47346,1.0,eligible,pswq13-quantised,3
335,32,5c51a1d81c559f0001e47346,1.0,eligible,pswq14,4
336,33,5c51a1d81c559f0001e47346,1.0,eligible,pswq14-quantised,4
337,34,5c51a1d81c559f0001e47346,1.0,eligible,pswq15,3
338,35,5c51a1d81c559f0001e47346,1.0,eligible,pswq15-quantised,3
339,36,5c51a1d81c559f0001e47346,1.0,eligible,pswq16,5
340,37,5c51a1d81c559f0001e47346,1.0,eligible,response-3-quantised,5
341,38,5c51a1d81c559f0001e47346,1.0,eligible,END QUESTIONNAIRE,109824
342,1,5d30e6ef53416100199ad7bf,1.0,eligible,BEGIN QUESTIONNAIRE,
343,2,5d30e6ef53416100199ad7bf,1.0,eligible,response-1,18
344,3,5d30e6ef53416100199ad7bf,1.0,eligible,sex-quantised,1
345,4,5d30e6ef53416100199ad7bf,1.0,eligible,pswq1,4
346,5,5d30e6ef53416100199ad7bf,1.0,eligible,sex,Male
347,6,5d30e6ef53416100199ad7bf,1.0,eligible,sex-text,
348,7,5d30e6ef53416100199ad7bf,1.0,eligible,pswq2,4
349,8,5d30e6ef53416100199ad7bf,1.0,eligible,pswq2-quantised,4
350,9,5d30e6ef53416100199ad7bf,1.0,eligible,pswq3,2
351,10,5d30e6ef53416100199ad7bf,1.0,eligible,pswq1-quantised,4
352,11,5d30e6ef53416100199ad7bf,1.0,eligible,pswq3-quantised,2
353,12,5d30e6ef53416100199ad7bf,1.0,eligible,pswq4,4
354,13,5d30e6ef53416100199ad7bf,1.0,eligible,pswq4-quantised,4
355,14,5d30e6ef53416100199ad7bf,1.0,eligible,pswq5,4
356,15,5d30e6ef53416100199ad7bf,1.0,eligible,pswq5-quantised,4
357,16,5d30e6ef53416100199ad7bf,1.0,eligible,pswq6,4
358,17,5d30e6ef53416100199ad7bf,1.0,eligible,pswq6-quantised,4
359,18,5d30e6ef53416100199ad7bf,1.0,eligible,pswq7,4
360,19,5d30e6ef53416100199ad7bf,1.0,eligible,pswq7-quantised,4
361,20,5d30e6ef53416100199ad7bf,1.0,eligible,pswq8,3
362,21,5d30e6ef53416100199ad7bf,1.0,eligible,pswq8-quantised,3
363,22,5d30e6ef53416100199ad7bf,1.0,eligible,pswq9-quantised,4
364,23,5d30e6ef53416100199ad7bf,1.0,eligible,pswq10,1
365,24,5d30e6ef53416100199ad7bf,1.0,eligible,pswq9,4
366,25,5d30e6ef53416100199ad7bf,1.0,eligible,pswq10-quantised,1
367,26,5d30e6ef53416100199ad7bf,1.0,eligible,pswq11,3
368,27,5d30e6ef53416100199ad7bf,1.0,eligible,pswq11-quantised,3
369,28,5d30e6ef53416100199ad7bf,1.0,eligible,pswq12,4
370,29,5d30e6ef53416100199ad7bf,1.0,eligible,pswq12-quantised,4
371,30,5d30e6ef53416100199ad7bf,1.0,eligible,pswq13,4
372,31,5d30e6ef53416100199ad7bf,1.0,eligible,pswq13-quantised,4
373,32,5d30e6ef53416100199ad7bf,1.0,eligible,pswq14,4
374,33,5d30e6ef53416100199ad7bf,1.0,eligible,pswq14-quantised,4
375,34,5d30e6ef53416100199ad7bf,1.0,eligible,pswq15,4
376,35,5d30e6ef53416100199ad7bf,1.0,eligible,pswq15-quantised,4
377,36,5d30e6ef53416100199ad7bf,1.0,eligible,pswq16,3
378,37,5d30e6ef53416100199ad7bf,1.0,eligible,response-3-quantised,3
379,38,5d30e6ef53416100199ad7bf,1.0,eligible,END QUESTIONNAIRE,87861
380,1,5bdc609519b9ba000157d122,1.0,eligible,BEGIN QUESTIONNAIRE,
381,2,5bdc609519b9ba000157d122,1.0,eligible,response-1,18
382,3,5bdc609519b9ba000157d122,1.0,eligible,sex-quantised,1
383,4,5bdc609519b9ba000157d122,1.0,eligible,sex,Male
384,5,5bdc609519b9ba000157d122,1.0,eligible,pswq1,2
385,6,5bdc609519b9ba000157d122,1.0,eligible,pswq1-quantised,2
386,7,5bdc609519b9ba000157d122,1.0,eligible,pswq2,4
387,8,5bdc609519b9ba000157d122,1.0,eligible,pswq2-quantised,4
388,9,5bdc609519b9ba000157d122,1.0,eligible,sex-text,
389,10,5bdc609519b9ba000157d122,1.0,eligible,pswq3-quantised,3
390,11,5bdc609519b9ba000157d122,1.0,eligible,pswq3,3
391,12,5bdc609519b9ba000157d122,1.0,eligible,pswq4-quantised,4
392,13,5bdc609519b9ba000157d122,1.0,eligible,pswq5,4
393,14,5bdc609519b9ba000157d122,1.0,eligible,pswq4,4
394,15,5bdc609519b9ba000157d122,1.0,eligible,pswq5-quantised,4
395,16,5bdc609519b9ba000157d122,1.0,eligible,pswq6,4
396,17,5bdc609519b9ba000157d122,1.0,eligible,pswq6-quantised,4
397,18,5bdc609519b9ba000157d122,1.0,eligible,pswq7,2
398,19,5bdc609519b9ba000157d122,1.0,eligible,pswq7-quantised,2
399,20,5bdc609519b9ba000157d122,1.0,eligible,pswq8,2
400,21,5bdc609519b9ba000157d122,1.0,eligible,pswq8-quantised,2
401,22,5bdc609519b9ba000157d122,1.0,eligible,pswq9,4
402,23,5bdc609519b9ba000157d122,1.0,eligible,pswq9-quantised,4
403,24,5bdc609519b9ba000157d122,1.0,eligible,pswq10,1
404,25,5bdc609519b9ba000157d122,1.0,eligible,pswq11,2
405,26,5bdc609519b9ba000157d122,1.0,eligible,pswq10-quantised,1
406,27,5bdc609519b9ba000157d122,1.0,eligible,pswq11-quantised,2
407,28,5bdc609519b9ba000157d122,1.0,eligible,pswq12,3
408,29,5bdc609519b9ba000157d122,1.0,eligible,pswq12-quantised,3
409,30,5bdc609519b9ba000157d122,1.0,eligible,pswq13,4
410,31,5bdc609519b9ba000157d122,1.0,eligible,pswq13-quantised,4
411,32,5bdc609519b9ba000157d122,1.0,eligible,pswq14,4
412,33,5bdc609519b9ba000157d122,1.0,eligible,pswq14-quantised,4
413,34,5bdc609519b9ba000157d122,1.0,eligible,pswq15,4
414,35,5bdc609519b9ba000157d122,1.0,eligible,pswq15-quantised,4
415,36,5bdc609519b9ba000157d122,1.0,eligible,pswq16,4
416,37,5bdc609519b9ba000157d122,1.0,eligible,response-3-quantised,4
417,38,5bdc609519b9ba000157d122,1.0,eligible,END QUESTIONNAIRE,46568
418,1,5d52dbbdbc55ef001670c733,1.0,eligible,BEGIN QUESTIONNAIRE,
419,2,5d52dbbdbc55ef001670c733,1.0,eligible,response-1,18
420,3,5d52dbbdbc55ef001670c733,1.0,eligible,sex-quantised,1
421,4,5d52dbbdbc55ef001670c733,1.0,eligible,sex,Male
422,5,5d52dbbdbc55ef001670c733,1.0,eligible,pswq1,2
423,6,5d52dbbdbc55ef001670c733,1.0,eligible,sex-text,
424,7,5d52dbbdbc55ef001670c733,1.0,eligible,pswq1-quantised,2
425,8,5d52dbbdbc55ef001670c733,1.0,eligible,pswq2,1
426,9,5d52dbbdbc55ef001670c733,1.0,eligible,pswq2-quantised,1
427,10,5d52dbbdbc55ef001670c733,1.0,eligible,pswq3,4
428,11,5d52dbbdbc55ef001670c733,1.0,eligible,pswq3-quantised,4
429,12,5d52dbbdbc55ef001670c733,1.0,eligible,pswq4-quantised,2
430,13,5d52dbbdbc55ef001670c733,1.0,eligible,pswq5,3
431,14,5d52dbbdbc55ef001670c733,1.0,eligible,pswq4,2
432,15,5d52dbbdbc55ef001670c733,1.0,eligible,pswq5-quantised,3
433,16,5d52dbbdbc55ef001670c733,1.0,eligible,pswq6,2
434,17,5d52dbbdbc55ef001670c733,1.0,eligible,pswq6-quantised,2
435,18,5d52dbbdbc55ef001670c733,1.0,eligible,pswq7,2
436,19,5d52dbbdbc55ef001670c733,1.0,eligible,pswq7-quantised,2
437,20,5d52dbbdbc55ef001670c733,1.0,eligible,pswq8,4
438,21,5d52dbbdbc55ef001670c733,1.0,eligible,pswq8-quantised,4
439,22,5d52dbbdbc55ef001670c733,1.0,eligible,pswq9,2
440,23,5d52dbbdbc55ef001670c733,1.0,eligible,pswq10,3
441,24,5d52dbbdbc55ef001670c733,1.0,eligible,pswq9-quantised,2
442,25,5d52dbbdbc55ef001670c733,1.0,eligible,pswq10-quantised,3
443,26,5d52dbbdbc55ef001670c733,1.0,eligible,pswq11,4
444,27,5d52dbbdbc55ef001670c733,1.0,eligible,pswq11-quantised,4
445,28,5d52dbbdbc55ef001670c733,1.0,eligible,pswq12,2
446,29,5d52dbbdbc55ef001670c733,1.0,eligible,pswq12-quantised,2
447,30,5d52dbbdbc55ef001670c733,1.0,eligible,pswq13,2
448,31,5d52dbbdbc55ef001670c733,1.0,eligible,pswq13-quantised,2
449,32,5d52dbbdbc55ef001670c733,1.0,eligible,pswq14,4
450,33,5d52dbbdbc55ef001670c733,1.0,eligible,pswq14-quantised,4
451,34,5d52dbbdbc55ef001670c733,1.0,eligible,pswq15,1
452,35,5d52dbbdbc55ef001670c733,1.0,eligible,pswq15-quantised,1
453,36,5d52dbbdbc55ef001670c733,1.0,eligible,pswq16,2
454,37,5d52dbbdbc55ef001670c733,1.0,eligible,response-3-quantised,2
455,38,5d52dbbdbc55ef001670c733,1.0,eligible,END QUESTIONNAIRE,64781
456,1,5d45cc77da9cb60001aa4711,1.0,eligible,BEGIN QUESTIONNAIRE,
457,2,5d45cc77da9cb60001aa4711,1.0,eligible,response-1,18
458,3,5d45cc77da9cb60001aa4711,1.0,eligible,sex,Male
459,4,5d45cc77da9cb60001aa4711,1.0,eligible,sex-quantised,1
460,5,5d45cc77da9cb60001aa4711,1.0,eligible,pswq1,3
461,6,5d45cc77da9cb60001aa4711,1.0,eligible,pswq1-quantised,3
462,7,5d45cc77da9cb60001aa4711,1.0,eligible,pswq2,4
463,8,5d45cc77da9cb60001aa4711,1.0,eligible,pswq2-quantised,4
464,9,5d45cc77da9cb60001aa4711,1.0,eligible,sex-text,
465,10,5d45cc77da9cb60001aa4711,1.0,eligible,pswq3-quantised,1
466,11,5d45cc77da9cb60001aa4711,1.0,eligible,pswq3,1
467,12,5d45cc77da9cb60001aa4711,1.0,eligible,pswq4-quantised,5
468,13,5d45cc77da9cb60001aa4711,1.0,eligible,pswq5,3
469,14,5d45cc77da9cb60001aa4711,1.0,eligible,pswq4,5
470,15,5d45cc77da9cb60001aa4711,1.0,eligible,pswq5-quantised,3
471,16,5d45cc77da9cb60001aa4711,1.0,eligible,pswq6,5
472,17,5d45cc77da9cb60001aa4711,1.0,eligible,pswq6-quantised,5
473,18,5d45cc77da9cb60001aa4711,1.0,eligible,pswq7,3
474,19,5d45cc77da9cb60001aa4711,1.0,eligible,pswq7-quantised,3
475,20,5d45cc77da9cb60001aa4711,1.0,eligible,pswq8,2
476,21,5d45cc77da9cb60001aa4711,1.0,eligible,pswq8-quantised,2
477,22,5d45cc77da9cb60001aa4711,1.0,eligible,pswq9,3
478,23,5d45cc77da9cb60001aa4711,1.0,eligible,pswq9-quantised,3
479,24,5d45cc77da9cb60001aa4711,1.0,eligible,pswq10,1
480,25,5d45cc77da9cb60001aa4711,1.0,eligible,pswq10-quantised,1
481,26,5d45cc77da9cb60001aa4711,1.0,eligible,pswq11,4
482,27,5d45cc77da9cb60001aa4711,1.0,eligible,pswq11-quantised,4
483,28,5d45cc77da9cb60001aa4711,1.0,eligible,pswq12,3
484,29,5d45cc77da9cb60001aa4711,1.0,eligible,pswq12-quantised,3
485,30,5d45cc77da9cb60001aa4711,1.0,eligible,pswq13,4
486,31,5d45cc77da9cb60001aa4711,1.0,eligible,pswq13-quantised,4
487,32,5d45cc77da9cb60001aa4711,1.0,eligible,pswq14,5
488,33,5d45cc77da9cb60001aa4711,1.0,eligible,pswq14-quantised,5
489,34,5d45cc77da9cb60001aa4711,1.0,eligible,pswq15,3
490,35,5d45cc77da9cb60001aa4711,1.0,eligible,pswq15-quantised,3
491,36,5d45cc77da9cb60001aa4711,1.0,eligible,pswq16,5
492,37,5d45cc77da9cb60001aa4711,1.0,eligible,response-3-quantised,5
493,38,5d45cc77da9cb60001aa4711,1.0,eligible,END QUESTIONNAIRE,68488
494,END OF FILE,,,,,
